Id,AccountId,Birthdate,RecordTypeId,Email,Emergency_Contact_Email__c,Emergency_Contact_Name__c,Emergency_Contact_Phone_Number__c,Emergency_Contact_Relationship__c,Floor__c,MailingGeocodeAccuracy,MailingCity,MailingCountry,MailingLatitude,MailingLongitude,MailingPostalCode,MailingState,MailingStreet,Name,FirstName,LastName,Office_Facility__c,Phone,Room__c,Title,User_Record__c,IsPersonAccount,Account.Name,RecordType.DeveloperName,Office_Facility__r.Name,Room__r.Name,User_Record__r.Name
0033h000006VmLxAAK,0013h000004qG3SAAU,,0123h000000s5kiAAA,daffy.duck.demo@mailinator.com,,Dad Bear,,Spouse,-,,New Haven,,,,6520,Connecticut,555 Heath Terrace,Daffy Duck,Daffy,Duck,,800-349-3895,,Analyst,,false,DLQ System Integrators,Vendor;Contact,,,
0033h000006VmsvAAC,0013h000009kVq2AAE,,0123h000000s5kiAAA,barney.rubble.demo@mailinator.com,,,,,-,Address,Arlington,United States,38.89531,-77.071876,22209,VA,1700 North Moore Street,Barney Rubble,Barney,Rubble,,555-555-5555,,Assistant,,false,DevTech,Vendor;Contact,,,
0033h000006VmtZAAS,0013h000009kVq2AAE,,0123h000000s5kiAAA,pebbles.flinstone.demo@mailinator.com,,,,,-,Address,Arlington,United States,38.89531,-77.071876,22209,VA,1700 North Moore Street,Pebbles Flinstone,Pebbles,Flinstone,,555-555-5555,,Junior Developer,,false,DevTech,Vendor;Contact,,,
0033h000006VmurAAC,0013h000004qG3GAAU,,0123h000000s5kiAAA,judy.jetson.demo@mailinator.com,,George Jetson,555-555-5555,Parent,-,Zip,Montgomery,,32.4067,-86.2478,36114,Alabama,32654 Bayside Center,Judy Jetson,Judy,Jetson,,230-555-3883,,Deputy Director,,false,Aerospace Services,Vendor;Contact,,,
0033h000006VmLdAAK,0013h000004qG3SAAU,,0123h000000s5kiAAA,bugs.bunny.demo@mailinator.com,,,,,-,,New Haven,,,,6520,Connecticut,555 Heath Terrace,Bugs Bunny,Bugs,Bunny,,800-349-3895,,Program Manager,,false,DLQ System Integrators,Vendor;Contact,,,
0033h000006Vmu8AAC,0013h000004qG3SAAU,,0123h000000s5kiAAA,dick.dastardly.demo@mailinator.com,,,,,-,,New Haven,,,,6520,Connecticut,555 Heath Terrace,Dick Dastardly,Dick,Dastardly,,800-349-3895,,,,false,DLQ System Integrators,Vendor;Contact,,,
0033h000006VxfEAAS,0013h000004qG3JAAU,,0123h000000s5kiAAA,booboo.bear.demo@mailinator.com,,Barbara Larrimore,,Spouse,-,Address,Reston,United States,38.952238,-77.351026,20190,VA,11720 Plaza America Drive,Boo Boo Bear,Boo Boo,Bear,,107-843-8784,,President,,false,BAE Systems,Vendor;Contact,,,
0033h000006VxgMAAS,0013h000004qG3UAAU,,0123h000000s5kiAAA,huckleberry.hound.demo@mailinator.com,,BARBARA LARRIMORE,,Spouse,-,Address,Bristow,USA,38.746571,-77.549821,20136,VA,12035 Vantage Point Court,Huckleberry Hound,Huckleberry,Hound,,162-732-6857,,CEO,,false,GDIT,Vendor;Contact,,,
0033h000006VxfFAAS,0013h000004qG3UAAU,,0123h000000s5kiAAA,yakkie.doodle.duck.demo@mailinator.com,,,,,-,,,,,,,,,Yakkie Doodle Duck,Yakkie Doodle,Duck,,364-511-4476,,CEO,,false,GDIT,Vendor;Contact,,,
0033h000006VmucAAC,0013h000004qG3GAAU,,0123h000000s5kiAAA,george.jetson.demo@mailinator.com,,,,,-,Zip,Montgomery,,32.4067,-86.2478,36114,Alabama,32654 Bayside Center,George Jetson,George,Jetson,,230-555-3883,,Owner,,false,Aerospace Services,Vendor;Contact,,,
0033h000006VmJIAA0,0013h000004qG3JAAU,,0123h000000s5kiAAA,roger.rabbit.demo@mailinator.com,,,,,-,Block,Madison,,43.155746,-89.373646,53779,Wisconsin,2589 Shoshone Drive,Roger Rabbit,Roger,Rabbit,,800-349-3891,,Program Manager,,false,BAE Systems,Vendor;Contact,,,
0033h000006VmTIAA0,0013h000004qG3UAAU,1972-01-08,0123h000000s5kiAAA,mellery2m@mailinator.com,,,,,-,,,,,,,,,Michal Ellery,Michal,Ellery,,(514) 587-5638,,VP Accounting,,false,GDIT,Vendor;Contact,,,
0033h000006VmTJAA0,0013h000004qG3UAAU,2050-07-01,0123h000000s5kiAAA,arangle2n@mailinator.com,,,,,-,,,,,,,,,Ann-marie Rangle,Ann-marie,Rangle,,(740) 830-1395,,Senior Developer,,false,GDIT,Vendor;Contact,,,
0033h000006VxgRAAS,0013h000004qG3UAAU,,0123h000000s5kiAAA,pixie.mous.demo@mailinator.com,,,,,-,Zip,Las Vegas,,36.1275,-115.3293,89135,Nevada,2388 Merchant Trail,Pixie Mouse,Pixie,Mouse,,800-349-3896,,VP,,false,GDIT,Vendor;Contact,,,
0033h000006VmRmAAK,0013h000004qG3JAAU,2054-08-21,0123h000000s5kiAAA,aarnaudi0@mailinator.com,,David Larrimore,,Spouse,-,,,,,,,,,Akim Arnaudi,Akim,Arnaudi,,(286) 537-4869,,Structural Engineer,,false,BAE Systems,Vendor;Contact,,,
0033h000006VmRnAAK,0013h000004qG3JAAU,1969-12-24,0123h000000s5kiAAA,happs1@mailinator.com,,,,,-,,,,,,,,,Henrik Apps,Henrik,Apps,,(746) 464-1556,,Pharmacist,,false,BAE Systems,Vendor;Contact,,,
0033h000006VmRoAAK,0013h000004qG3JAAU,1981-06-10,0123h000000s5kiAAA,cguitte2@mailinator.com,,,,,-,,,,,,,,,Carny Guitte,Carny,Guitte,,(598) 798-2092,,Help Desk Operator,,false,BAE Systems,Vendor;Contact,,,
0033h000006VmRpAAK,0013h000004qG3JAAU,2051-04-21,0123h000000s5kiAAA,tnorthrop3@mailinator.com,,,,,-,,,,,,,,,Trisha Northrop,Trisha,Northrop,,(857) 821-2782,,Recruiter,,false,BAE Systems,Vendor;Contact,,,
0033h000006VmRqAAK,0013h000004qG3JAAU,2056-12-13,0123h000000s5kiAAA,dspring4@mailinator.com,,,,,-,,,,,,,,,Darill Spring,Darill,Spring,,126-294-1138,,Help Desk Operator,,false,BAE Systems,Vendor;Contact,,,
0033h000006VmRrAAK,0013h000004qG3JAAU,1970-05-24,0123h000000s5kiAAA,rbree5@mailinator.com,,,,,-,,,,,,,,,Rutter Bree,Rutter,Bree,,(229) 657-6981,,Civil Engineer,,false,BAE Systems,Vendor;Contact,,,
0033h000006VmRsAAK,0013h000004qG3JAAU,2048-11-01,0123h000000s5kiAAA,bmoxstead6@mailinator.com,,,,,-,,,,,,,,,Bernice Moxstead,Bernice,Moxstead,,(307) 581-2136,,Information Systems Manager,,false,BAE Systems,Vendor;Contact,,,
0033h000006VmRtAAK,0013h000004qG3JAAU,2051-07-16,0123h000000s5kiAAA,pblaver7@mailinator.com,,,,,-,,,,,,,,,Perri Blaver,Perri,Blaver,,(721) 839-0311,,Senior Editor,,false,BAE Systems,Vendor;Contact,,,
0033h000006VmRuAAK,0013h000004qG3JAAU,2056-03-26,0123h000000s5kiAAA,fnuemann8@mailinator.com,,,,,-,,,,,,,,,Fanechka Nuemann,Fanechka,Nuemann,,(270) 155-2088,,Speech Pathologist,,false,BAE Systems,Vendor;Contact,,,
0033h000006VmRvAAK,0013h000004qG3JAAU,1976-02-10,0123h000000s5kiAAA,mshrimpling9@mailinator.com,,,,,-,,,,,,,,,Missy Shrimpling,Missy,Shrimpling,,(341) 917-3903,,Chemical Engineer,,false,BAE Systems,Vendor;Contact,,,
0033h000006VmRwAAK,0013h000004qG3JAAU,1983-10-07,0123h000000s5kiAAA,tchavrina@mailinator.com,,,,,-,,,,,,,,,Tansy Chavrin,Tansy,Chavrin,,(955) 258-3153,,Design Engineer,,false,BAE Systems,Vendor;Contact,,,
0033h000006VmRxAAK,0013h000004qG3JAAU,1978-05-08,0123h000000s5kiAAA,jbiancob@mailinator.com,,,,,-,,,,,,,,,Jae Bianco,Jae,Bianco,,(856) 887-9073,,Administrative Assistant II,,false,BAE Systems,Vendor;Contact,,,
0033h000006VmRyAAK,0013h000004qG3JAAU,1978-05-11,0123h000000s5kiAAA,jdoumicc@mailinator.com,,,,,-,,,,,,,,,Joseito Doumic,Joseito,Doumic,,(732) 313-0508,,Junior Executive,,false,BAE Systems,Vendor;Contact,,,
0033h000006VmRzAAK,0013h000004qG3JAAU,2051-05-22,0123h000000s5kiAAA,eneweyd@mailinator.com,,,,,-,,,,,,,,,Emmerich Newey,Emmerich,Newey,,(881) 707-5738,,Administrative Assistant III,,false,BAE Systems,Vendor;Contact,,,
0033h000006VxfYAAS,0013h000004qG3JAAU,,0123h000000s5kiAAA,cindy.bear.demo@mailinator.com,,,,,-,,,,,,,,,Cindy Bear,Cindy,Bear,,110-735-7637,,President,,false,BAE Systems,Vendor;Contact,,,
0033h000006VmS0AAK,0013h000004qG3JAAU,1963-08-26,0123h000000s5kiAAA,oklimochkine@mailinator.com,,Fred Flintstone,,Parent,-,,,,,,,,,Ozzy Klimochkin,Ozzy,Klimochkin,,(886) 607-7517,,Payment Adjustment Coordinator,,false,BAE Systems,Vendor;Contact,,,
0033h000006VmS1AAK,0013h000009kVq2AAE,2049-11-20,0123h000000s5kiAAA,egilburtf@mailinator.com,,,,,-,,,,,,,,,Ev Gilburt,Ev,Gilburt,,118-844-5309,,Project Manager,,false,DevTech,Vendor;Contact,,,
0033h000006VmS2AAK,0013h000004qG3JAAU,2056-09-12,0123h000000s5kiAAA,osmallcombg@mailinator.com,,,,,-,,,,,,,,,Olivia Smallcomb,Olivia,Smallcomb,,(555) 898-5882,,Recruiter,,false,BAE Systems,Vendor;Contact,,,
0033h000006VmS3AAK,0013h000004qG3JAAU,1985-04-19,0123h000000s5kiAAA,ilaminmanh@mailinator.com,,,,,-,,,,,,,,,Izabel Laminman,Izabel,Laminman,,(428) 588-8741,,Software Engineer IV,,false,BAE Systems,Vendor;Contact,,,
0033h000006VmS4AAK,0013h000004qG3JAAU,2057-12-14,0123h000000s5kiAAA,jfisti@mailinator.com,,,,,-,,,,,,,,,Janette Fist,Janette,Fist,,(919) 665-0876,,Software Consultant,,false,BAE Systems,Vendor;Contact,,,
0033h000006VmS5AAK,0013h000004qG3JAAU,1972-11-19,0123h000000s5kiAAA,tsullyj@mailinator.com,,,,,-,,,,,,,,,Tan Sully,Tan,Sully,,149-772-1649,,Office Assistant III,,false,BAE Systems,Vendor;Contact,,,
0033h000006VmS6AAK,0013h000004qG3JAAU,1987-10-27,0123h000000s5kiAAA,hdemongeotk@mailinator.com,,,,,-,,,,,,,,,Hamlin Demongeot,Hamlin,Demongeot,,(362) 799-5001,,Accounting Assistant I,,false,BAE Systems,Vendor;Contact,,,
0033h000006VmS7AAK,0013h000004qG3JAAU,1978-11-14,0123h000000s5kiAAA,aduckhousel@mailinator.com,,,,,-,,,,,,,,,Allard Duckhouse,Allard,Duckhouse,,(521) 508-5175,,Safety Technician II,,false,BAE Systems,Vendor;Contact,,,
0033h000006VmS8AAK,0013h000004qG3JAAU,1968-09-18,0123h000000s5kiAAA,bgulliventm@mailinator.com,,,,,-,,,,,,,,,Barrett Gullivent,Barrett,Gullivent,,124-359-5888,,Statistician IV,,false,BAE Systems,Vendor;Contact,,,
0033h000006VmS9AAK,0013h000004qG3JAAU,1973-06-08,0123h000000s5kiAAA,cbaldonin@mailinator.com,,,,,-,,,,,,,,,Carolina Baldoni,Carolina,Baldoni,,(969) 718-4016,,Director of Sales,,false,BAE Systems,Vendor;Contact,,,
0033h000006VmSAAA0,0013h000004qG3JAAU,1984-03-07,0123h000000s5kiAAA,egaskallo@mailinator.com,,,,,-,,,,,,,,,Erminia Gaskall,Erminia,Gaskall,,(993) 136-1326,,Account Executive,,false,BAE Systems,Vendor;Contact,,,
0033h000006VmSBAA0,0013h000004qG3JAAU,1976-03-21,0123h000000s5kiAAA,elusgdinp@mailinator.com,,,,,-,,,,,,,,,Emalee Lusgdin,Emalee,Lusgdin,,(250) 806-5574,,Nurse,,false,BAE Systems,Vendor;Contact,,,
0033h000006VmSCAA0,0013h000004qG3SAAU,1982-06-20,0123h000000s5kiAAA,sbrozq@mailinator.com,,,,,-,,,,,,,,,Scotti Broz,Scotti,Broz,,(206) 430-1288,,Account Representative II,,false,DLQ System Integrators,Vendor;Contact,,,
0033h000006VmSDAA0,0013h000004qG3SAAU,2059-02-04,0123h000000s5kiAAA,jyouhillr@mailinator.com,,,,,-,,,,,,,,,Jaquenette Youhill,Jaquenette,Youhill,,(393) 525-1560,,VP Quality Control,,false,DLQ System Integrators,Vendor;Contact,,,
0033h000006VmSEAA0,0013h000004qG3SAAU,2057-03-30,0123h000000s5kiAAA,lhullins@mailinator.com,,,,,-,,,,,,,,,Lindsey Hullin,Lindsey,Hullin,,(794) 196-5278,,Structural Analysis Engineer,,false,DLQ System Integrators,Vendor;Contact,,,
0033h000006VmSFAA0,0013h000004qG3SAAU,2052-01-02,0123h000000s5kiAAA,fhusthwaitet@mailinator.com,,,,,-,,,,,,,,,Findley Husthwaite,Findley,Husthwaite,,168-159-7128,,Registered Nurse,,false,DLQ System Integrators,Vendor;Contact,,,
0033h000006VmSGAA0,0013h000004qG3SAAU,2054-02-16,0123h000000s5kiAAA,frubyu@mailinator.com,,,,,-,,,,,,,,,Frasier Ruby,Frasier,Ruby,,(589) 814-3335,,General Manager,,false,DLQ System Integrators,Vendor;Contact,,,
0033h000006VmSHAA0,0013h000004qG3SAAU,1964-03-01,0123h000000s5kiAAA,kbinchv@mailinator.com,,,,,-,,,,,,,,,Katrine Binch,Katrine,Binch,,(788) 408-9918,,Recruiter,,false,DLQ System Integrators,Vendor;Contact,,,
0033h000006VmSIAA0,0013h000004qG3SAAU,1983-06-26,0123h000000s5kiAAA,gmatushevichw@mailinator.com,,,,,-,,,,,,,,,Garrard Matushevich,Garrard,Matushevich,,(220) 635-3305,,Structural Engineer,,false,DLQ System Integrators,Vendor;Contact,,,
0033h000006VmSJAA0,0013h000004qG3SAAU,1983-11-21,0123h000000s5kiAAA,eellimanx@mailinator.com,,,,,-,,,,,,,,,Etan Elliman,Etan,Elliman,,(839) 407-7881,,Senior Editor,,false,DLQ System Integrators,Vendor;Contact,,,
0033h000006VmSKAA0,0013h000004qG3SAAU,2047-10-22,0123h000000s5kiAAA,mflintuffy@mailinator.com,,,,,-,,,,,,,,,Miles Flintuff,Miles,Flintuff,,(923) 279-7285,,Senior Financial Analyst,,false,DLQ System Integrators,Vendor;Contact,,,
0033h000006VmSLAA0,0013h000004qG3SAAU,1970-12-11,0123h000000s5kiAAA,nbafordz@mailinator.com,,,,,-,,,,,,,,,Nikki Baford,Nikki,Baford,,(711) 345-5478,,Physical Therapy Assistant,,false,DLQ System Integrators,Vendor;Contact,,,
0033h000006VmSMAA0,0013h000004qG3SAAU,1986-06-06,0123h000000s5kiAAA,jasken10@mailinator.com,,,,,-,,,,,,,,,Jemmie Asken,Jemmie,Asken,,(230) 282-3895,,Financial Analyst,,false,DLQ System Integrators,Vendor;Contact,,,
0033h000006VmSNAA0,0013h000004qG3SAAU,1965-08-09,0123h000000s5kiAAA,fwarmington11@mailinator.com,,,,,-,,,,,,,,,Fern Warmington,Fern,Warmington,,(832) 148-2034,,Systems Administrator IV,,false,DLQ System Integrators,Vendor;Contact,,,
0033h000006VmSOAA0,0013h000004qG3SAAU,2053-04-23,0123h000000s5kiAAA,gtrinkwon12@mailinator.com,,,,,-,,,,,,,,,Geoffrey Trinkwon,Geoffrey,Trinkwon,,(322) 277-9971,,Product Engineer,,false,DLQ System Integrators,Vendor;Contact,,,
0033h000006VmSPAA0,0013h000004qG3SAAU,2052-11-15,0123h000000s5kiAAA,wspringell13@mailinator.com,,,,,-,,,,,,,,,Winnifred Springell,Winnifred,Springell,,(572) 989-2497,,Senior Quality Engineer,,false,DLQ System Integrators,Vendor;Contact,,,
0033h000006VmSQAA0,0013h000004qG3SAAU,1964-12-20,0123h000000s5kiAAA,csilvers14@mailinator.com,,,,,-,,,,,,,,,Caesar Silvers,Caesar,Silvers,,(696) 732-5989,,Occupational Therapist,,false,DLQ System Integrators,Vendor;Contact,,,
0033h000006VmSRAA0,0013h000004qG3SAAU,1979-10-01,0123h000000s5kiAAA,ysarfass15@mailinator.com,,,,,-,,,,,,,,,Yolanda Sarfass,Yolanda,Sarfass,,(934) 687-0771,,Pharmacist,,false,DLQ System Integrators,Vendor;Contact,,,
0033h000006VmSSAA0,0013h000004qG3SAAU,2053-10-29,0123h000000s5kiAAA,ceisikowitch16@mailinator.com,,,,,-,,,,,,,,,Cathie Eisikowitch,Cathie,Eisikowitch,,(616) 818-8210,,Electrical Engineer,,false,DLQ System Integrators,Vendor;Contact,,,
0033h000006VmSTAA0,0013h000004qG3SAAU,2048-03-07,0123h000000s5kiAAA,wespinal17@mailinator.com,,,,,-,,,,,,,,,Wilt Espinal,Wilt,Espinal,,(273) 855-9506,,Software Consultant,,false,DLQ System Integrators,Vendor;Contact,,,
0033h000006VmSUAA0,0013h000004qG3SAAU,2046-07-06,0123h000000s5kiAAA,sbrennenstuhl18@mailinator.com,,,,,-,,,,,,,,,Shay Brennenstuhl,Shay,Brennenstuhl,,(650) 648-5906,,Structural Analysis Engineer,,false,DLQ System Integrators,Vendor;Contact,,,
0033h000006VmSVAA0,0013h000004qG3SAAU,1972-04-05,0123h000000s5kiAAA,cbronot19@mailinator.com,,,,,-,,,,,,,,,Crista Bronot,Crista,Bronot,,(727) 162-2643,,Media Manager IV,,false,DLQ System Integrators,Vendor;Contact,,,
0033h000006VmSWAA0,0013h000004qG3SAAU,2052-08-22,0123h000000s5kiAAA,ejory1a@mailinator.com,,,,,-,,,,,,,,,Eb Jory,Eb,Jory,,(200) 690-0858,,Nurse,,false,DLQ System Integrators,Vendor;Contact,,,
0033h000006VmSXAA0,0013h000004qG3SAAU,1962-03-03,0123h000000s5kiAAA,hbutner1b@mailinator.com,,,,,-,,,,,,,,,Hazlett Butner,Hazlett,Butner,,(620) 148-3559,,Programmer Analyst I,,false,DLQ System Integrators,Vendor;Contact,,,
0033h000006VmSYAA0,0013h000004qG3SAAU,1977-08-31,0123h000000s5kiAAA,cabram1c@mailinator.com,,,,,-,,,,,,,,,Caz Abram,Caz,Abram,,(347) 684-5636,,Help Desk Operator,,false,DLQ System Integrators,Vendor;Contact,,,
0033h000006VmSZAA0,0013h000004qG3SAAU,1978-04-08,0123h000000s5kiAAA,bmargram1d@mailinator.com,,,,,-,,,,,,,,,Burtie Margram,Burtie,Margram,,(914) 329-2870,,Research Assistant III,,false,DLQ System Integrators,Vendor;Contact,,,
0033h000006VmSaAAK,0013h000004qG3SAAU,1988-12-15,0123h000000s5kiAAA,nnyssens1e@mailinator.com,,,,,-,,,,,,,,,Nil Nyssens,Nil,Nyssens,,(477) 724-7057,,Health Coach IV,,false,DLQ System Integrators,Vendor;Contact,,,
0033h000006VmSbAAK,0013h000004qG3GAAU,1954-08-26,0123h000000s5kiAAA,gtrainer1f@mailinator.com,,,,,-,,,,,,,,,Gal Trainer,Gal,Trainer,,181-452-0233,,Social Worker,,false,Aerospace Services,Vendor;Contact,,,
0033h000006VmScAAK,0013h000004qG3GAAU,1960-02-22,0123h000000s5kiAAA,btourle1g@mailinator.com,,,,,-,,,,,,,,,Blondelle Tourle,Blondelle,Tourle,,(849) 487-7214,,Senior Developer,,false,Aerospace Services,Vendor;Contact,,,
0033h000006VmSdAAK,0013h000004qG3GAAU,2051-12-30,0123h000000s5kiAAA,aminihane1h@mailinator.com,,,,,-,,,,,,,,,Avrom Minihane,Avrom,Minihane,,(270) 479-8284,,Nurse,,false,Aerospace Services,Vendor;Contact,,,
0033h000006VmSeAAK,0013h000004qG3GAAU,1987-01-12,0123h000000s5kiAAA,rchristley1i@mailinator.com,,,,,-,,,,,,,,,Royce Christley,Royce,Christley,,(839) 377-6805,,VP Sales,,false,Aerospace Services,Vendor;Contact,,,
0033h000006VmSfAAK,0013h000004qG3GAAU,1969-05-12,0123h000000s5kiAAA,ukobera1j@mailinator.com,,,,,-,,,,,,,,,Ursola Kobera,Ursola,Kobera,,(933) 147-6143,,Quality Control Specialist,,false,Aerospace Services,Vendor;Contact,,,
0033h000006VmSgAAK,0013h000004qG3GAAU,1980-09-08,0123h000000s5kiAAA,jbilbery1k@mailinator.com,,,,,-,,,,,,,,,Jennine Bilbery,Jennine,Bilbery,,(657) 635-1715,,General Manager,,false,Aerospace Services,Vendor;Contact,,,
0033h000006VmShAAK,0013h000009kVq2AAE,1950-10-26,0123h000000s5kiAAA,fslinn1l@mailinator.com,,,,,-,,,,,,,,,Franklyn Slinn,Franklyn,Slinn,,(557) 472-4237,,VP Accounting,,false,DevTech,Vendor;Contact,,,
0033h000006VmSiAAK,0013h000004qG3GAAU,1986-03-30,0123h000000s5kiAAA,shedaux1m@mailinator.com,,,,,-,,,,,,,,,Saundra Hedaux,Saundra,Hedaux,,(396) 576-1595,,Senior Developer,,false,Aerospace Services,Vendor;Contact,,,
0033h000006VmSjAAK,0013h000004qG3GAAU,1988-06-30,0123h000000s5kiAAA,gpettigrew1n@mailinator.com,,,,,-,,,,,,,,,Georgie Pettigrew,Georgie,Pettigrew,,(411) 707-5070,,Registered Nurse,,false,Aerospace Services,Vendor;Contact,,,
0033h000006VmSkAAK,0013h000004qG3GAAU,1963-07-20,0123h000000s5kiAAA,midell1o@mailinator.com,,,,,-,,,,,,,,,Merilyn Idell,Merilyn,Idell,,(857) 277-0030,,Senior Sales Associate,,false,Aerospace Services,Vendor;Contact,,,
0033h000006VmSlAAK,0013h000004qG3GAAU,2051-01-20,0123h000000s5kiAAA,gashby1p@mailinator.com,,Test,,Parent,-,,,,,,,,,Gabriellia Ashby,Gabriellia,Ashby,,(721) 948-1413,,Budget/Accounting Analyst II,,false,Aerospace Services,Vendor;Contact,,,
0033h000006VmSmAAK,0013h000004qG3GAAU,1984-01-31,0123h000000s5kiAAA,zdunphy1q@mailinator.com,,,,,-,,,,,,,,,Zacharias Dunphy,Zacharias,Dunphy,,(448) 130-8316,,Mechanical Systems Engineer,,false,Aerospace Services,Vendor;Contact,,,
0033h000006VmSnAAK,0013h000004qG3GAAU,1988-10-31,0123h000000s5kiAAA,qpley1r@mailinator.com,,,,,-,,,,,,,,,Quill Pley,Quill,Pley,,(890) 672-8019,,Statistician I,,false,Aerospace Services,Vendor;Contact,,,
0033h000006VmSoAAK,0013h000004qG3GAAU,1988-12-30,0123h000000s5kiAAA,dpinck1s@mailinator.com,,,,,-,,,,,,,,,Dari Pinck,Dari,Pinck,,(845) 256-3996,,Occupational Therapist,,false,Aerospace Services,Vendor;Contact,,,
0033h000006VmSpAAK,0013h000004qG3GAAU,1981-02-28,0123h000000s5kiAAA,nfinden1t@mailinator.com,,,,,-,,,,,,,,,Nara Finden,Nara,Finden,,(850) 423-8271,,Programmer Analyst III,,false,Aerospace Services,Vendor;Contact,,,
0033h000006VmSqAAK,0013h000009kVq2AAE,1973-09-05,0123h000000s5kiAAA,mshea1u@mailinator.com,,,,,-,,,,,,,,,Mortimer Shea,Mortimer,Shea,,(997) 257-6271,,Senior Editor,,false,DevTech,Vendor;Contact,,,
0033h000006VmSrAAK,0013h000004qG3GAAU,1989-08-02,0123h000000s5kiAAA,bcampos1v@mailinator.com,,,,,-,,,,,,,,,Buiron Campos,Buiron,Campos,,(675) 819-5573,,Programmer Analyst III,,false,Aerospace Services,Vendor;Contact,,,
0033h000006VmSsAAK,0013h000009kVq2AAE,1959-04-01,0123h000000s5kiAAA,bplevey1w@mailinator.com,,,,,-,,,,,,,,,Bear Plevey,Bear,Plevey,,(392) 324-6948,,Systems Administrator II,,false,DevTech,Vendor;Contact,,,
0033h000006VmStAAK,0013h000004qG3GAAU,1989-04-07,0123h000000s5kiAAA,rcod1x@mailinator.com,,,,,-,,,,,,,,,Rosalie Cod,Rosalie,Cod,,(226) 900-8682,,Software Test Engineer II,,false,Aerospace Services,Vendor;Contact,,,
0033h000006VmSuAAK,0013h000004qG3GAAU,2054-11-30,0123h000000s5kiAAA,kbetton1y@mailinator.com,,,,,-,,,,,,,,,Kermy Betton,Kermy,Betton,,(912) 601-1737,,Marketing Manager,,false,Aerospace Services,Vendor;Contact,,,
0033h000006VmSvAAK,0013h000004qG3GAAU,,0123h000000s5kiAAA,arlina.longrigg.demo@mailinator.com,,Bob Hoskins,,Spouse,-,,,,,,,,,Arlina Longrigg,Arlina,Longrigg,,920-556-4319,,Senior Financial Analyst,,false,Aerospace Services,Vendor;Contact,,,
0033h000006VmSwAAK,0013h000004qG3GAAU,2053-12-26,0123h000000s5kiAAA,kgirardi20@mailinator.com,,,,,-,,,,,,,,,Kissee Girardi,Kissee,Girardi,,(497) 183-9992,,Chief Design Engineer,,false,Aerospace Services,Vendor;Contact,,,
0033h000006VmSxAAK,0013h000004qG3GAAU,1990-04-06,0123h000000s5kiAAA,shallwood21@mailinator.com,,,,,-,,,,,,,,,Saleem Hallwood,Saleem,Hallwood,,(824) 215-0853,,VP Accounting,,false,Aerospace Services,Vendor;Contact,,,
0033h000006VmSyAAK,0013h000004qG3UAAU,1964-01-29,0123h000000s5kiAAA,rbartocci22@mailinator.com,,,,,-,,,,,,,,,Renard Bartocci,Renard,Bartocci,,(908) 379-3875,,Staff Accountant I,,false,GDIT,Vendor;Contact,,,
0033h000006VmSzAAK,0013h000004qG3UAAU,1981-12-11,0123h000000s5kiAAA,lkippax23@mailinator.com,,,,,-,,,,,,,,,Lilah Kippax,Lilah,Kippax,,(411) 198-0045,,Operator,,false,GDIT,Vendor;Contact,,,
0033h000006VmMCAA0,0013h000004qG3SAAU,,0123h000000s5kiAAA,tasmanian.devil.demo@mailinator.com,,,,,-,,New Haven,,,,6520,Connecticut,555 Heath Terrace,Tasmanian Devil,Tasmanian,Devil,,800-349-3895,,Senior Partner,,false,DLQ System Integrators,Vendor;Contact,,,
0033h000006VmtAAAS,0013h000009kVq2AAE,,0123h000000s5kiAAA,wilma.flinstone.demo@mailinator.com,,,,,-,Address,Arlington,United States,38.89531,-77.071876,22209,VA,1700 North Moore Street,Wilma Flinstone,Wilma,Flinstone,,555-555-5555,,CEO,,false,DevTech,Vendor;Contact,,,
0033h000006VmtBAAS,0013h000004qG3SAAU,,0123h000000s5kiAAA,atom.ant.demo@mailinator.com,,,,,-,,New Haven,,,,6520,Connecticut,555 Heath Terrace,Atom Ant,Atom,Ant,,800-349-3895,,Engineer,,false,DLQ System Integrators,Vendor;Contact,,,
0033h000006VmT0AAK,0013h000004qG3UAAU,2048-06-25,0123h000000s5kiAAA,mscay24@mailinator.com,,,,,-,,,,,,,,,Miner Scay,Miner,Scay,,(424) 483-0748,,Human Resources Manager,,false,GDIT,Vendor;Contact,,,
0033h000006VmT1AAK,0013h000004qG3UAAU,1965-01-30,0123h000000s5kiAAA,nbrach25@mailinator.com,,,,,-,,,,,,,,,Nick Brach,Nick,Brach,,(511) 585-6468,,Account Coordinator,,false,GDIT,Vendor;Contact,,,
0033h000006VmT2AAK,0013h000004qG3UAAU,1961-12-31,0123h000000s5kiAAA,mstedell26@mailinator.com,,,,,-,,,,,,,,,Marlane Stedell,Marlane,Stedell,,(871) 574-4862,,Systems Administrator I,,false,GDIT,Vendor;Contact,,,
0033h000006VmT3AAK,0013h000004qG3UAAU,1965-10-04,0123h000000s5kiAAA,astolle27@mailinator.com,,,,,-,,,,,,,,,Amabel Stolle,Amabel,Stolle,,(224) 334-7004,,Speech Pathologist,,false,GDIT,Vendor;Contact,,,
0033h000006VmT4AAK,0013h000004qG3UAAU,1986-03-08,0123h000000s5kiAAA,ssilbersak28@mailinator.com,,,,,-,,,,,,,,,Sunshine Silbersak,Sunshine,Silbersak,,(719) 764-8161,,Developer II,,false,GDIT,Vendor;Contact,,,
0033h000006VmT5AAK,0013h000004qG3UAAU,1983-06-27,0123h000000s5kiAAA,kbiernat29@mailinator.com,,,,,-,,,,,,,,,Katherine Biernat,Katherine,Biernat,,(255) 953-9142,,Design Engineer,,false,GDIT,Vendor;Contact,,,
0033h000006VmT6AAK,0013h000004qG3UAAU,2055-12-05,0123h000000s5kiAAA,ngallehock2a@mailinator.com,,,,,-,,,,,,,,,Nikaniki Gallehock,Nikaniki,Gallehock,,(731) 117-2305,,Marketing Assistant,,false,GDIT,Vendor;Contact,,,
0033h000006VmT7AAK,0013h000009kVq2AAE,1985-04-16,0123h000000s5kiAAA,dwhyteman2b@mailinator.com,,,,,-,,,,,,,,,Dennison Whyteman,Dennison,Whyteman,,(872) 557-4596,,Senior Financial Analyst,,false,DevTech,Vendor;Contact,,,
0033h000006VmT8AAK,0013h000004qG3UAAU,1964-09-22,0123h000000s5kiAAA,cgaven2c@mailinator.com,,,,,-,,,,,,,,,Christoper Gaven,Christoper,Gaven,,(237) 945-5806,,Compensation Analyst,,false,GDIT,Vendor;Contact,,,
0033h000006VmT9AAK,0013h000004qG3UAAU,1982-10-15,0123h000000s5kiAAA,bdyshart2d@mailinator.com,,,,,-,,,,,,,,,Bernardina Dyshart,Bernardina,Dyshart,,133-616-4597,,Media Manager III,,false,GDIT,Vendor;Contact,,,
0033h000006VmTAAA0,0013h000004qG3UAAU,2059-07-02,0123h000000s5kiAAA,skingston2e@mailinator.com,,,,,-,,,,,,,,,Samaria Kingston,Samaria,Kingston,,151-472-9274,,Administrative Officer,,false,GDIT,Vendor;Contact,,,
0033h000006VmTBAA0,0013h000004qG3UAAU,2053-10-29,0123h000000s5kiAAA,dgayler2f@mailinator.com,,,,,-,,,,,,,,,Dionisio Gayler,Dionisio,Gayler,,(655) 355-5866,,Recruiter,,false,GDIT,Vendor;Contact,,,
0033h000006VmTCAA0,0013h000004qG3UAAU,1988-06-26,0123h000000s5kiAAA,uluckes2g@mailinator.com,,,,,-,,,,,,,,,Uriel Luckes,Uriel,Luckes,,(838) 982-1300,,Nuclear Power Engineer,,false,GDIT,Vendor;Contact,,,
0033h000006VmTDAA0,0013h000004qG3UAAU,2054-05-09,0123h000000s5kiAAA,cdraper2h@mailinator.com,,,,,-,,,,,,,,,Chanda Draper,Chanda,Draper,,(222) 394-5791,,Payment Adjustment Coordinator,,false,GDIT,Vendor;Contact,,,
0033h000006VmTEAA0,0013h000004qG3UAAU,1960-07-18,0123h000000s5kiAAA,dren2i@mailinator.com,,,,,-,,,,,,,,,Dorelle Ren,Dorelle,Ren,,(398) 454-7782,,Physical Therapy Assistant,,false,GDIT,Vendor;Contact,,,
0033h000006VmTFAA0,0013h000004qG3UAAU,1983-01-24,0123h000000s5kiAAA,hkobierzycki2j@mailinator.com,,,,,-,,,,,,,,,Hy Kobierzycki,Hy,Kobierzycki,,(729) 636-9711,,Recruiting Manager,,false,GDIT,Vendor;Contact,,,
0033h000006VmTGAA0,0013h000004qG3UAAU,1961-03-15,0123h000000s5kiAAA,bkleinlerer2k@mailinator.com,,,,,-,,,,,,,,,Brandon Kleinlerer,Brandon,Kleinlerer,,109-101-8534,,Food Chemist,,false,GDIT,Vendor;Contact,,,
0033h000006VmTHAA0,0013h000004qG3UAAU,1968-04-28,0123h000000s5kiAAA,rprinne2l@mailinator.com,,,,,-,,,,,,,,,Robinet Prinne,Robinet,Prinne,,(604) 193-7993,,Project Manager,,false,GDIT,Vendor;Contact,,,
0033h000006Vxf9AAC,0013h000004qG3JAAU,,0123h000000s5kiAAA,yogi.bear.demo@mailinator.com,,,,,-,,,,,,,,,Yogi Bear,Yogi,Bear,,688-132-3075,,Vice President,,false,BAE Systems,Vendor;Contact,,,
0033h000006VxfOAAS,0013h000004qG3JAAU,,0123h000000s5kiAAA,ranger.smith.demo@mailinator.com,,,,,-,,,,,,,,,Ranger Smith,Ranger,Smith,,800-349-3891,,Ranger,,false,BAE Systems,Vendor;Contact,,,
0033h000006VxgWAAS,0013h000004qG3UAAU,,0123h000000s5kiAAA,jinks.cat.demo@mailinator.com,,,,,-,,,,,,,,,Jinks Cat,Jinks,Cat,,531-578-3922,,,,false,GDIT,Vendor;Contact,,,
0033h000004Zpi8AAC,0013h000007kZASAA2,1968-07-08,0123h000000s5kiAAA,lauren.boyle@mailinator.com,,,,,-,Zip,Waterloo,United States,42.4104,-92.2695,50706,Iowa,15 Stephen Hill,Lauren Boyle*,Lauren,Boyle*,,214-550-7058,,"SVP, Technology",,false,Salesforce,Vendor;Contact,,,
